"Mean","Median","StdDev","IQR","Min","Max","Q1","Q3"
14.4516279266692,10,17.6266349358822,7,1,100,5,12
